Method,Accuracy
CP_Raw,0.4069965870307167
CP_UN,0.43430034129692835
CP_LN,0.4274744027303754
MCP,0.674061433447099
