Method,Accuracy
CP_Raw,0.39761092150170646
CP_UN,0.4249146757679181
CP_LN,0.40955631399317405
MCP,0.6510238907849829
