Method,Accuracy
CP_Raw,0.2841296928327645
CP_UN,0.3430034129692833
CP_LN,0.30716723549488056
MCP,0.4283276450511945
