Method,Accuracy
CP_Raw,0.2832764505119454
CP_UN,0.3438566552901024
CP_LN,0.32337883959044367
MCP,0.3148464163822526
