Method,Accuracy
CP_Raw,0.28242320819112626
CP_UN,0.35409556313993173
CP_LN,0.3191126279863481
MCP,0.2986348122866894
