Method,Accuracy
CP_Raw,0.4206484641638225
CP_UN,0.43856655290102387
CP_LN,0.42406143344709896
MCP,0.6459044368600683
